Tweet,Location,date,hours,minuites
 اتصالات شركه نصابه وبتضحك ع العملاء ومفيش اي استعناء بالعميل والشكاوي وكمان مبالغ المفروض تترد لينا الشركه شهر فبراير لحد اليوم ما رجعت ولا اي حد اهتم بأي شكوي قدمناها ,"Cairo, Egypt",2022-05-26,12,00:00:00
 ممكن التواصل معي الخاص أجل تقديم شكوى ف شركة اتصالات مصر ,"Cairo, Egypt",2022-05-23,20,00:00:00
 ممكن التواصل الخاص تكرمتم ,"Cairo, Egypt",2022-05-23,19,00:00:00
 عايز الايميل الرسمي بتاعكم انتوا الإمارات ينفع سيادتكم تقوله ولا لازم طريق الفرع ,"Cairo, Egypt",2022-05-23,19,00:00:00
 اتصالات مصر معندهاش ايميل لتلقي الشكاوي وبتقولك أقوى شبكة ف مصر ,"Cairo, Egypt",2022-05-23,19,00:00:00
 مفيش ايميل انت بتهزر ,"Cairo, Egypt",2022-05-23,19,00:00:00
 بعد اذنكم اريد الايميل الرسمي الخاص لتقديم الشكوى ف لان هناك صعوبات كتير وغياب احترافية وكفاءة لاتصالات مصر وتضطرنا كثيرا ,"Cairo, Egypt",2022-05-23,19,00:00:00
 للأسف شركة اتصالات المفروض يعني كله اونلاين يقولك لازم ورقة وتمضي وشغل طوابير بالساعات ليه معرفش ناس عجيبة اقسم بالله ,"Cairo, Egypt",2022-05-23,18,00:00:00
 أقوى شبكة ف مصر ف عدم خدمة عملائها ف مصر ,"Cairo, Egypt",2022-05-23,18,00:00:00
 وده مش ازعاج يافندم الازعاج الحقيقي اني أقف ف الشمس بال اربع خمس ساعات عشان إجراء مش هيكمل حاجة طريق الاتصال بيكم تليفونيا هنا اونلاين طريق ,"Cairo, Egypt",2022-05-23,18,00:00:00
 هل ده يرضيكم ولا ابعت ايميل رسمي بكدة ,"Cairo, Egypt",2022-05-23,18,00:00:00
 برجاء الرد ,"Cairo, Egypt",2022-05-23,18,00:00:00
 علفكرا انا زهقت منكو الشبكه ,"Cairo, Egypt",2022-05-22,19,00:00:00
 تويتر عرف منين اني اتصالات طلعلي التويتة دي التايم ,CAI,2022-05-28,11,00:00:00
 موقع واحد لا يمثل شخص الشمس موقع واحد خريطه مليانه مواقع اتصالات ف كلامي فوق طاقة القوس كعلامة فلكيه بدون اي اضافات ,"Cairo, Egypt",2022-05-28,11,00:00:00
 الثور هو بيت البنوك والعملات والتعاملات المالية فاكيد هنسمع صفقات كبيرة وربما نشوف زيادة قيمة بعض العملات مقابل انخفاض عملات تانية وانتعاش سوق الدهب وربما زيادات انخفضات مفاجئة سعر بعض السلع النفط والمعادن وعملات البيتكوين الشهر حسب اتصالات الزهرة ,"Giza, Egypt",2022-05-28,9,00:00:00
 عمرى ماقولت نفسى انى مهندس اتصالات دفعه ولا اى حاجه وبتعامل البشر عادى ,"القاهرة, مصر",2022-05-27,19,00:00:00
 يبقى الفيديو مش هايفرق أصلا ده حالة فضلوا مكانهم ممكن يكون خطوة تعتعتهم بعد إتصالات الشمسى اللى هم بيخالفوا أوامره وأظن مصر كلها مش بيراميدز بس محتاجة الجوز دول يغوروا بيراميدز ,"Cairo, Egypt",2022-05-27,19,00:00:00
 اتصالات ,"Giza, Egypt",2022-05-27,18,00:00:00
 دورة التدقيق اللغوي الزووم جنيها فقط للمصريين دولار للعرب ادفع المبلغ فودافون كاش اتصالات كاش هذا الرقم وللعرب ادفع المبلغ ويسترن يونيون بلدك باسم ,القاهرة ,2022-05-27,15,00:00:00
 حد مهتم بارقام مميزه اتصالات ,Cairo,2022-05-27,12,00:00:00
 انت عارف ان الجمرك موقفة مفتاح سيارة فولفو استبدال بقاله شهور علشان قالك لابد فحض لجنة اتصالات علشان المفتاح ده بيتصل بالسيارة بعد المصيبة انهم مش بيعرضوا المفتاح اي لجنة وبيدفعوها كمان صاحب السيارة ارضية ,"Cairo, Egypt",2022-05-27,11,00:00:00
 الصفقه تمت وصفقات تاني هتم وامريكا بتعمل تحسين تعاونها مصر والسودان تم تعين السفير وقريبا اتصالات اعلي المستويات والرئيس البرهان المرشح الابرز وهو اللي هيبقي الريس فالمستقبل وغصب عين أمريكا وأوروبا لان القرار للشعب والاخوان مش هيسكتوا لأنهم تعودوا النباح ,Cairo_Egypt,2022-05-27,9,00:00:00
 طبانتوا بتنزلوا تعملوا اتصالات ولا بتعملوا ايه ,Giza,2022-05-27,2,00:00:00
 المسؤول قطع الانترنت هو المسؤول قطع اتصالات الداخليه والراجل خايف يقول مين المسؤول ,Cairo,2022-05-26,23,00:00:00
 مطلوب لشركة سكاي مهندسين اتصالات حديثي التخرج للتدريب بمشروع التركيبات تدريب مدفوع الاجر للتواصل ,Egypt - Cairo,2022-05-26,10,00:00:00
 تكريم اتصالات مصر باحتفالية لدورها دعم جهود الرقمنة ,"Cairo, Egypt",2022-05-26,9,00:00:00
 اتصالات مصر تستهدف إتاحة خدماتها للشركات الصغيرة ومتناهية الصغر ,"Cairo, Egypt",2022-05-26,9,00:00:00
 اي حد أندرويد ومعاه خط اتصالات يجي ,Cairo,2022-05-26,2,00:00:00
 اللي يشوف شبكة فودافون يعرف قيمة اتصالات ,"Cairo, Egypt",2022-05-25,21,00:00:00
 عاجل صحيفة يسرائيل هيوم أعقاب التهديدات التي أطلقها زعيم حزب الله ومنظمات فلسطينية تجري الآن اتصالات لمنع التصعيد خاصة بين إسرائيل ومصر والأمم المتحدة تشارك قطر نقل رسائل تهديد غزة تل أبيب ,"Cairo, Egypt",2022-05-25,19,00:00:00
 رجعتني لايام ما كنت بدرس اتصالات الله لا يعدها ايام عايزه اقولك ان جوا مبني ڤودافون نفسه اوقات مش بيبقي شبكه ,"Cairo, Egypt",2022-05-25,17,00:00:00
 اتصالات بين أشرف صبحي ووزير الرياضة المغربي والخطيب للتنسيق بينهم قبل نهائي إفريقيا ,"Giza, Egypt",2022-05-25,7,00:00:00
 بحس اتصالات مديناني بجد ,"Cairo, Egypt",2022-05-24,21,00:00:00
 عــــاجــل أجرى رئيس حكام الدوري مايك رايلي اتصالات شخصية كل رئيس إيفرتون والمدير فرانك لامبارد للاعتذار بعد قرار حكم الفيديو المساعد بعدم منح النادي ضربة جزاء ضد مانشستر سيتي طب اسال كيف تفوز بالدورى قبل لا تقول داعس ,"القاهرة, مصر",2022-05-24,15,00:00:00
 كلهم حزمة واحدة زي حزمة الفجل هناك اتصالات دائمة عاجلة لمسح التويتة الاعتذار سبق السيف العزل راح لن يعود مهما قال فعل ,"Cairo, Egypt",2022-05-24,14,00:00:00
 الأهلي يتلقى اتصالات سيمبا التنزاني لاستعادة ميكيسوني الصيف ,"القاهرة, مصر",2022-05-24,7,00:00:00
 إطلاق خدمة التوقيع الإلكتروني عبر منصة توقيعي بالشراكة بين اتصالات وفكسيد مصر ,"Cairo, Egypt",2022-05-24,2,00:00:00
 شركة اتصالات مصر اتخنقنا الرسالة الرذلة إللي بتظهر كل شوية شاشة الموبايل ليك ميجا بخمسين قرش ,Cairo,2022-05-23,22,00:00:00
 شوفي حلقة الدحيح الاهرامات موجودة اتصالات وموجودة الانترنت ,"Cairo, Egypt",2022-05-23,22,00:00:00
 اتصالات شافوا نجاح مسلسل راجعين يا هوى قاموا مرجعين اعلان خالد النبوي ,"Cairo, Egypt",2022-05-23,21,00:00:00
 أقوى شركة اتصالات ف مصر وعندهم طوابير بالمئات ع فروعهم ورافضين يقدموا الخدمة اونلاين بالتليفون حاجة عجيبة جدا وللله ,"Cairo, Egypt",2022-05-23,20,00:00:00
 هيتم اونلاين يافندم لان والدي سنة حاجة متخيل يعني ايه يقف طوابير بالساعات عشان سيادتكم ماشين باجراءات عفى الزمن انتوا اتصالات يعني الكترونيكس ,"Cairo, Egypt",2022-05-23,18,00:00:00
 يا فندم اي خدمة بعملها ع التليفون النت احنا ف القرن الواحد والعشرين مستحيل إجراء زي ديه ميكونش ع النت والفروع عندكم زحمه جدا جدا ولا تفي بالاعداد مش لازم نشتكي للشركة اتصالات امارات يعني انكم أقوى شبكة ومش قادرة تعمل إجراء بسيط زي ده ,"Cairo, Egypt",2022-05-23,18,00:00:00
 ده بتوع اتصالات ليهم الجنة انهم مستحملين ده كله والله ,"Cairo, Egypt",2022-05-23,18,00:00:00
 برلماني اتصالاتالنواب توافق موازنة البريد بـ مليار جنيه ,"Cairo, Egypt",2022-05-23,15,00:00:00
 والله اتصالات دي حواراتها كبرت ,"Cairo, Egypt",2022-05-23,11,00:00:00
 اليوم بوصل بدري معادي قبل صحابي بشلهم اتصالات كل دقيقتين وتهزيق حين اني لما بتأخر وده المعتاد بقفل موبايلي عشان محدش يدوشني ,"Cairo, Egypt",2022-05-23,10,00:00:00
 هندسة حاسبات اتصالات بشتغل ,Cairo,2022-05-22,19,00:00:00
 عرفت ليه كانوا بيقولولي متدخليش اتصالات ,"Cairo, Egypt",2022-05-22,17,00:00:00
 الواحد بجد كل ما يذاكر ماده تبع اتصالات ويجي يحل اكنه كان بيذاكر تاريخ مثلا وجه يحل ماث ,"Cairo, Egypt",2022-05-22,17,00:00:00
 العلامات الاخري الكذب بخصوص الحالة المادية للحصول تخفيض غير مستحق بعض المعالجين العيادات توفر خصومات للطلاب غير القادرين ماديا اتصالات بشكل مستمر خارج مواعيد العمل أوقات متأخرة يعتبر هذا تعدي الخصوصية يخلق نمط اعتمادي بين متلقي المساعدة الطبيب ,"Cairo, Egypt",2022-05-22,15,00:00:00
 اى حد تارجت انت بتتعامل معاه ممكن يكون هو موظف بنك بتاع اتصالات واحد جوزها تارجت وهى اتش ار مثلا العكس سعات القهوجى بيبيع تليفونات الزباين اللى هو حاسس انهم معاهم فلوس الناس اللى شغلها تارجت بتتسأل الانترفيو هاتعرف تجبلنا كام عميل جديد هو لازم يتصرف ,"Egypt, Cairo",2022-05-22,13,00:00:00
 الأخبار اللى لسه طالعة ساعة إن ناصر الخليفى ف اتصالات مباشرة وكيل اعمال تشوامينى ,"Cairo, Egypt",2022-05-22,11,00:00:00
 راية تدرس الاستحواذ مراكز اتصالات دول ,"Cairo, Egypt",2022-05-22,11,00:00:00
 ومعانا اطفال الدراسه وزوجي كان يعمل مطور اعمال شركه ادويه ابن سينا ومندوب مبيعات اغذيه ومندوب اتصالات شركه فوري فضلك فضلك احنا تعبنا كتر مابندور شغل وعلي سفر كمان وربنا يجازيك كل الخير يارب العالمين ده رقمه ,Egypt - Cairo,2022-05-22,9,00:00:00
 أحيانا بيجيلي اتصالات موبايلي عند طريق الخطأ ودا وارد جدا بس الملفت الموضوع لما برد وبقول للأسف حضرتك طلبت رقم غلط يقوم يقولي شكرا بس ممكن أعرف انت مذيع قناة إيه استغرب السؤال أقوله اشمعنا يقولي عشان صوتك حس إخباري ياجماعة الله يجبر بخاطركم والله ,"القاهرة, مصر",2022-05-22,7,00:00:00
 معظم اتصالات المنافس تتكثف عند الدقيقة حاله التعادل الهزيمة تبدأ مدير الكرة ثم زيف زاهر ثم الاقوي شوبيز مابين رئيس الحكام الفار يتم الفوز خارج المستطيل حسب ماقال العراف عدلي القيعي بتصريحة لحظة توبة اما قبل المباراة طريق الظروف والشاي بالياسمين ,"Cairo, Egypt",2022-05-21,22,00:00:00
 علشان كام حاجه ضمنهم بيتكلف كام اتصالات الشهر ثم السنة وحاجات تانيه مقدرش معلش آسف ,"القاهرة, مصر",2022-05-21,17,00:00:00
 مطلوب لشركة افرو ايجيبت خبرة بمشاريع اريكسون بمشاريع تركيبات وصيانة بالقاهره والدلتا مهندسين اتصالات موقع راديو ترانسميشن ريجرات وفنين تليكم راديو ترانسميشن مشرف موقع راديو ترانسميشن برجاء التواصل واتساب ,Egypt - Cairo,2022-05-21,12,00:00:00
 هو امتى ربنا هيتوب ونلاقي شركة محترمه غير اللي موجودين السوق اولهم اتصالات بدل ما تدفعوا فلوس اعلانات نظفوا نظامك نصب نصب كميه سحب فلوس ورصيد متعرفش هى بتروح فين ده الخط عفريت مش هيحصل كده يتوب ربنا ,cairo,2022-05-21,11,00:00:00
 النظام الابوي والامومي انتا اتصالات ولا فودافون يا صاحبي ,cairo,2022-05-20,17,00:00:00
 حاتم دويدار اتصالات تدرس استثمارات مشتركة فودافون بعد شراءها حصة الـ ,"Cairo, Egypt",2022-05-20,16,00:00:00
 مطلوب للتعيين للعمل مشروع فودافون عدد خبره الأقل سنتين عدد مهندس اتصالات خبره سنه ثلاث سنوات رواتب مجزيه بدلات سفر حوافز تأمين صحي واجتماعي يرجي ارسال ال ,Egypt - Cairo,2022-05-20,9,00:00:00
 مطلوب مهندس كهربائي خريج قسم اجهزه تحكم آلي بور اتصالات مصنع بلاستيك العنوان طنطا الغربيه بشرط أن يكون بجوار المحافظه للتواصل ,Egypt - Cairo,2022-05-20,9,00:00:00
 معاك عندك تليفونك أدخل تنزيل ماي إتصالات وإستمتع كل حاجات الترفيهية ,"القاهرة, مصر",2022-05-20,4,00:00:00
 صفحة مظلمة العاهل الأردني يوجه بتقييد اتصالات الأميرحمز ,"Cairo, Egypt",2022-05-20,2,00:00:00
 شعري لونه وانتوا ,Cairo,2022-05-28,4,00:00:00
 دول شوية اغبيا بعض اتجمعوا مكان واحد ,"Cairo, Egypt ",2022-05-27,14,00:00:00
 يا استاذ جميل انا مش عارف اتواصل الراجل بسبب انه طول النت مش شغال والشبكة واقعة ,"Cairo, Egypt",2022-05-27,4,00:00:00
 سمحت انا خطي وعايز احول ايه الخطوات ممكن اعملها ,"Cairo, Egypt",2022-05-27,3,00:00:00
 بعيد المحتوى انا مبسوطة ان لسة حد غيري فالبلد ,"Cairo, Egypt",2022-05-27,1,00:00:00
 الشركة الفاشلة بتسئلني رقم التليفون علشان تشوف المشكلة م انا بعت ليهم رقم التليفون والشكاوى اللي بقالها سنتين ولم يتم حلها م بعد كدة رد شركة فاشلة وشركة زبالة ,"القاهرة, مصر",2022-05-26,21,00:00:00
 كل الاستفسارت عندكم رقمي والمشكلة وارقام الشكاوي الفقرة اللي جاية حنزل صور الشات اللي بيني وبينكم وتسجيل المكالمات ,"القاهرة, مصر",2022-05-26,20,00:00:00
 انتو شركة فاشلة عادي جدا بقالي سنتين عايز الغي الرسائل الدعائية والاعلانية وكل شوية يوم يوم ولا جديد ,"القاهرة, مصر",2022-05-26,20,00:00:00
 ياريت حد يرد ,"Egypt , Giza ",2022-05-25,18,00:00:00
 حالة وجود مشكلة يمكنكم التواصل وتسجيل شكواكم طريق رقم ملاء استمارة ببيانات الشكوي الرابط التالي ,"Cairo, Egypt",2022-05-25,9,00:00:00
 فكرة ممتازه تجربه شخصيه ,"القاهرة, مصر",2022-05-24,2,00:00:00
 انتوا حرامية وكلمتكم بعت ميل قاعد الصحرا معييش رصيد نت بسببكم ,cairo,2022-05-23,8,00:00:00
 عندي مشكلة خط التفاصيل ,"Cairo, Egypt",2022-05-22,11,00:00:00
 برجاء التواصل وتسجيل شكواكم طريق رقم ملاء استمارة ببيانات الشكوي الرابط التالي ,"Cairo, Egypt",2022-05-21,20,00:00:00
 اشتريت خط جديد يومين ولسه متفعلش لحد دلوقتي عاوز أفعله ,"Cairo, Egypt",2022-05-20,19,00:00:00
 استاذه الاد استاذه نوران ياريت حضرتك عندك تواصل المسؤلين المكان تبلغيهم انه ماينفعش يكون موظفه واحده بتبيع خطوط موبايلات فلاشات سماعات تاخد الفلوس تصور ورق تمضي العميل ماينفعش كده كل عمليه بتاخد ساعه ,Cairo,2022-05-20,10,00:00:00
 حضرتك انا ماعنديش مشكله شخصيه انا بتكلم عموما الفرع مول مصر ليه موظفه واحده فقط الغرفه خلفها موظفين خارجين داخلين يطلع يقعد يتفرج الناس يلعب موبيل يدخل تاني هي دي مشكلتي المنظر العام للفرع التعامل الناس ,Cairo,2022-05-20,10,00:00:00
 موظفه واحده بقالها ساعه عميل اجنبي بيشتري شريحه داتا موظف تاني قاعد بيلعب الموبيل الناس قاعده منتظره دورها اورانج خدمه العملاء اسواء حاجه مصر ,Cairo,2022-05-20,10,00:00:00
 اكتشفت ان مسلسل أبواب الخوف بيتعرض بانوراما دراما ,cairo,2022-05-20,3,00:00:00
 حاجة تضحك شوية ان واحدة خدمة عملاء اورانج اتعصبت عشان صوتي بيقطع مفيش شبكة عندي ,"cairo,Egypt",2022-05-28,9,00:00:00
 سمسم اورانج ,"القاهرة, مصر",2022-05-27,21,00:00:00
 كنت بلم فلوس مؤتمر ضايف رقمي اورانج كاش للي عايز يدفع حد رجولة الفلوس رصيد ,"Cairo, Egypt",2022-05-27,19,00:00:00
 ده بيانات رامي فهيم نجل وزيرة الهجرة وقت دخوله السجن بعد القبض يوم ابريل الماضي هو مذكور بياناته المدونة بالسجن وقت دخوله السلطات المصرية سعت للتدخل الدبلوماسي محاولة لاحتواء الأزمة فشلت الآن المحكمة العليا لمقاطعة أورانج كاونتي بكاليفورنيا ,"القاهرة, مصر",2022-05-26,21,00:00:00
 ياجماعة لا تردوا مكالمات جهات غير معلومةهتلاقوا ارقام المالديڤ وبلچيكا كل دول هاكرز ولا تردوا رسالة فرص العمل امازوندول نصابين ولا تتعاملوا اي مكالمة عادية يقولك احنا فودافون اورانج اوغيره ولا مكالمات البنوك اللي تقولك تحديث بيانات ربنا يحمي الكل ,القاهرة,2022-05-24,11,00:00:00
 أورانج شركة فرنسية أورانج مصر شركة مساهمة مصرية ,"Cairo, Egypt",2022-05-24,11,00:00:00
 لقد تجاوزنا مرحلة الهبد مرحلة الفانتازيا السوداء بطلوا تخريف عته شركة اورانج دخلت السوق المصري بعد ,"Cairo, Egypt",2022-05-24,3,00:00:00
 البنات الستات المول كلهم لابسين يا أخضر يا اورانج ,"Cairo, Egypt",2022-05-21,20,00:00:00
 طلعت اورانج ,Somewhere in the world ,2022-05-21,1,00:00:00
 ابليكشن اورانج دا أحقر ابليكشن لشبكة ممكن تجربه دا بعيدا كون الشبكة سيئة فالعموم ,"Cairo, Egypt",2022-05-20,22,00:00:00
 اورانج لاند يارب ,"القاهرة, مصر",2022-05-20,21,00:00:00
 لا والراجل الكبير اللي لابس اورانج بيضربها برجله وجه واحد لابس اورانج تخين بيحاول يسحب البنت الصغيرة وبرده بيدوس اللي بيسلك راجل لابس ابيض كبير وواحد الجنب ,"Cairo, Egypt",2022-05-20,17,00:00:00
 اهلا بيكي ممكن الاستعلام الرصيد تفاصيل استخدام الباقة الكود بـ قرش ببلاش انظمة فليكس اول مرات اليوم وبعدها بـ قروش حسابك موقع فودافون تطبيق انا فودافون ,"Cairo, Egypt",2022-05-28,13,00:00:00
 قاعد ماسك التليفون مخنوق فودافون ,"Cairo, Egypt",2022-05-28,13,00:00:00
 فودافون كاش ,"القاهرة, مصر",2022-05-28,11,00:00:00
 حد فودافون عندو مشكله ف الانترنت ولا أنا بس ,"Cairo, Egypt",2022-05-27,22,00:00:00
 اشترك الان جدد اشتراكك سيرفر مصراوى سات العملاق السعر لداخل مصر شهور بــ جنيه السنه بــ جنيه طرق الدفع لداخل مصر بدون رسوم تحويل محفظه فودافون كاش رقم ,"القاهرة, مصر",2022-05-27,21,00:00:00
 هى خدمة عملاء فودافون راحت فين مش عارف اتواصل حد ليه ,cairo,2022-05-27,21,00:00:00
 اهلا بيك ممكن الاستعلام الرصيد تفاصيل استخدام الباقة الكود بـ قرش ببلاش انظمة فليكس اول مرات اليوم وبعدها بـ قروش تطبيق انا فودافون اللينك ده ,"Cairo, Egypt",2022-05-27,18,00:00:00
 شغل اون لاين للطلاب والسحب فودافون كاش الربح الانترنت والسحب فودافون كاش ,"Cairo, Egypt",2022-05-27,18,00:00:00
 كوبونات خصم مسار تطوير تطبيقات الاندرويد الصفر نظرا لارتفاع سعر الدولار مؤخرا واحتمال كبير بكرا يوصل جنية فقررت ااقلل تكلفة الكورسات شوية دعما للشباب واللي عايز يدفع فودافون كاش يكلمني خاص ,"Cairo, Egypt",2022-05-27,13,00:00:00
 ممكن نتشرف باتصالك خدمة الدعم الفني أي خط فودافون ب قرش للمكالمة كلها اي خط تاني بنفس تعريفة الخط الأرضي لمساعدتك مدار ساعة ,"Cairo, Egypt",2022-05-27,12,00:00:00
 ممكن نعرف استخدام باقة النت كود الموبيل اللينك برنامح انا فودافون الاتصال ب موبايلك ممكن تحميل التطبيق ,"Cairo, Egypt",2022-05-27,11,00:00:00
 ممكن تجربة خطوات تنشيط الشبكة ضبط الشبكة بشكل يدوى اختيار أي شبكة غير فودافون اختيار فودافون بعدين قفل التليفون فتحه تاني وتجربة الخدمة وابلاغنا بالنتيجة لسه نفس المشكلة ممكن ارسال رقمك العنوان بالتفاصيل الانبوكس ,"Cairo, Egypt",2022-05-27,10,00:00:00
 ممكن توضيح اكتر مشكلة الشبكة بتواجهك كل الأماكن لا مكان محدد امتى والمشكلة رقمك فقط ولا ارقام فودافون نفس المكان ,"Cairo, Egypt",2022-05-27,10,00:00:00
 الدفع كاش التجمعات المعلنة الصفحة أحد مسؤلي التجمعات القاهرة التسليم فوري تجمعات القاهرة فقط أونلاين طريق فودافون كاش رقم والشحن بيوصل أيام قريبا مزيد المنتجات الخاصة الستور الرسمي للرابطة ,"Cairo, Egypt",2022-05-27,7,00:00:00
 واقعة عندي فودافون ,"Cairo, Egypt",2022-05-27,1,00:00:00
 تبرع هتحط قصاده جنيه المذهل ان بنهاية اليوم تم التبرع بأكتر مليون جنيه فودافون مثلهم يعنى اكتر مليون جنيه بدأوا بكارت ب جنيه علشان النوايا خير ده لينك صفحة مؤسسة مرسال حاجة حلوة مصر ,Cairo -- Egypt,2022-05-27,1,00:00:00
 رمضان اللى فات بنت كتبت لهبة راشد اللى اسست مؤسسة مرسال وقالت ان نفسها تتبرع للحضانات مش معاها فلوس وان معاها كارت فودافون ب جنيه وسألت هل ينفع تتبرع بيه هبة راشد وافقت واعلنت عمل مزاد الكارت وبدأت الناس تزايد راحت شركة فودافون منضمة للتحدى واعلنت ان كل جنيه ,Cairo -- Egypt,2022-05-27,1,00:00:00
 ماهو باع مبني وزارة الصناعة الوراء باع المجمع باع حصة ال حصة فودافون عايز يبيع بنزينات وطنية طرق باع المباني الوراء ماسبيرو كلها مبني ماسبيرو مش هو الهايفرق ,cairo,2022-05-27,0,00:00:00
 النهارده دخلت فرع فودافون اعمل الخط بتاعى لقيت المانجر بتاع الفرع الولد كان بيكراش عليا ف ابتدائي وكل ما افتكر ابقى عاوزه اعيط كتر الاحراج ,Cairo,2022-05-26,23,00:00:00
 اكواد الشبكات فودافون وموبينيل واتصالات ,"القاهرة, مصر",2022-05-26,22,00:00:00
 اللي بينا حياة عمرو دياب فودافون ,"Cairo, Egypt",2022-05-26,15,00:00:00
 اما النت يروحي موظف فودافون ناو ,"Cairo, Egypt",2022-05-26,13,00:00:00
 شغل اون لاين للطلاب والسحب فودافون كاش الربح الانترنت ,"Cairo, Egypt",2022-05-26,13,00:00:00
 بص ابلكيشن فودافون هتدخل صفحة فودافون كاش بتعتك وتختار وتشحنها كارت البنك وبعد كدة تحول لاي رقم تاني براحتك لازم يكون عندك انت فودافون كاش ,"Cairo, Egypt",2022-05-26,12,00:00:00
 لأ بس ممكن ابلكيشن فودافون وكارت ديبيت كارد عادي ,"Cairo, Egypt",2022-05-26,12,00:00:00
 ممكن ترجع للموارد البشرية الخاصه بشركتك بخصوص الكود ممكن تجربة خطوات تنشيط الشبكة ضبط الشبكة بشكل يدوى اختيار أي شبكة غير فودافون اختيار فودافون بعدين قفل التليفون فتحه تاني وتجربة الخدمة وابلاغنا بالنتيجة ,"Cairo, Egypt",2022-05-26,8,00:00:00
 واضح انه تطبيف مستوى العالم الصراحة الرقم القومي صح وكنت مدخله قبل كدة وطلعلى ارقامي وناقص رقم فودافون دخلت اعمل بحث برقم قومي زوجتي ظهرت الرسالة ديه الحل ايه ,"القاهرة, مصر",2022-05-25,22,00:00:00
 بس الحمدلله يعني انا انجس ومامن نفسي ببعت المبالغ دي فودافون كاش ,"القاهرة, مصر",2022-05-25,21,00:00:00
 يالهوى هو لسه لما تيجى لأ خلاص عايزه كام ع فودافون كاش أنا جاهز ,"القاهرة, مصر",2022-05-25,20,00:00:00
 هو مينفعش الغي اشتراك انغامي اللي فودافون فيليكس غير لغيت الباكيدج نفسها ,"Cairo, Egypt",2022-05-25,14,00:00:00
 ممكن فودافون واتصالات ميبعتلويش رسايل اليومين دول عشان انا مستنية رسالة المرتب ,"القاهرة, مصر",2022-05-25,12,00:00:00
 تقصدي ان رقمك مفيش شبكه ممكن توضحيلنا ممكن توضيح اكتر مشكلة الشبكة بتواجهك كل الأماكن لا مكان محدد امتى والمشكلة رقمك فقط ولا ارقام فودافون نفس المكان ,"Cairo, Egypt",2022-05-25,10,00:00:00
 اهلا بيك متاح التحويل بين المحافظ فودافون لاي محفظه اخري رصيد المكالمات مش متاح ,"Cairo, Egypt",2022-05-25,10,00:00:00
 احلي ناس بقي اللي بتدخل الصيدليه بس تتكلم ف الموبايل بصوت عالي دقايق مثلا بعدين يبقي يقول هو عايز ايه لا انا مش فرع فودافون هنا انا هيجيلي جلطه ,"Cairo, Egypt",2022-05-25,10,00:00:00
 ولاي تفاصيل متعلقة بخصم الرصيد مش واضحة ليك تابعي معانا التفاصيل دي مش محملين تطبيق انا فودافون ممكن نحمله اللينك ,"Cairo, Egypt",2022-05-25,8,00:00:00
 بنستاذنك تراجعي الشحن استهلاك الرصيد تطبيق انا فودافون خطوات مراجعة الرصيد التطبيق هي هندخل القائمة الجانبية اختار المزيد اللي اخر الشاشة ثم اختيار الشحن ومتابعة الرصيد ثم تفاصيل الرصيد وهيكون ظاهرلك تفاصيل الشحن واستخدام الرصيد ,"Cairo, Egypt",2022-05-25,8,00:00:00
 اهلا بيك دلوقتي فودافون بتقدم باقات غير مقسمة وتقدر تستفيد بيها أي وقت براحتك الباقات الجديدة هى باقة الـ جنيه بتستفيد بـ جيجا باقة الـ جنيه بتستفيد بـ جيجا باقة الـ جنيه بتستفيد بـ جيجا باقة الـ جنيه بتستفيد بـ جيجا ,"Cairo, Egypt",2022-05-25,8,00:00:00
 معرفش كل الناس عارفة حاجة زي كدة ولا لا بس فودافون كاش لكل المؤسسات اللي تتخيلوها مسهل الموضوع اوي انك تتبرع حسابك البنك ليهم علطول ,"Giza, Egypt",2022-05-25,7,00:00:00
 الصورة غير موضحة اي تفاصيل ان بيانات العملاء فودافون مش قيمة اوي كده إلا حد عايز يتعرف ستات مثلا ,"Cairo, Egypt",2022-05-25,6,00:00:00
 ايه حوار فودافون ده ,"Cairo, Egypt",2022-05-25,1,00:00:00
 اهلا بيك معانا نتشرف بأختيارك فودافون نتمنى نكون دايما عند حسن ظنك ,"Cairo, Egypt",2022-05-25,1,00:00:00
 فودافون ,helwan,2022-05-24,23,00:00:00
 خدمة العملاء أي خط فودافون ب قرش للمكالمة كلها اي خط تاني بنفس تعريفة الخط الأرضي لمساعدتك مدار ساعة ,"Cairo, Egypt",2022-05-24,20,00:00:00
 تلاقيه كول سنتر فودافون ,"Cairo, Egypt",2022-05-24,20,00:00:00
 يارب يا هدير تكوني بتفكري كويس ينفع انهاردة نتقابل بعد شغلك اللي ميدان فودافون فاضية ,Cairo,2022-05-24,16,00:00:00
 مليونيرات الخليج أساميهم ٱل نهيان وٱل مكتوم وٱل مظلوم وٱل محروم وٱل جوعان وٱل غضبان وٱل كحيان وعندنا هنا عالم كفرانة وبيكحوا تراب وسالفين تلاتة جنيه فودافون وأساميهم السعد وأبو العز وأبو الخير وأبو الريش وأبو الدهب ,"Cairo, Egypt ",2022-05-24,15,00:00:00
 اهلا بيكي يهمنا بالتاكيد مساعدتك هل تم مراجعة تفاصيل الاستهلاك تطبيق انا فودافون ,"Cairo, Egypt",2022-05-24,15,00:00:00
 ان كان عندي زمايلي ممثلين كل كانو بيطلعو ف الإعلانات بتاعه فودافون بيبسي وقتها كانو معايا ف الكليه ,Cairo,2022-05-24,12,00:00:00
 عايزه كارت فكه فودافون ضروري بليز ,"القاهرة, مصر",2022-05-24,9,00:00:00
 انا النهارده كنت نسخه مصغره فيديو الوالد ال ف فودافون لما ضرب العميل والله ,"Cairo, Egypt",2022-05-24,0,00:00:00
 اهلا بيك بنعتذرلك جدا مش دي التجربة اللى نتمنهالك وتأكد اننا هنعمل كل اللى نقدر لمساعدتك ممكن توضيح اكتر مشكلة الشبكة بتواجهك كل الأماكن لا مكان محدد امتى والمشكلة رقمك فقط ولا ارقام فودافون نفس المكان ,"Cairo, Egypt",2022-05-24,0,00:00:00
 اهلا بيكى ممكن توضيح اكتر مشكلة الشبكة بتواجهك كل الأماكن لا مكان محدد امتى والمشكلة رقمك فقط ولا ارقام فودافون نفس المكان ,"Cairo, Egypt",2022-05-23,22,00:00:00
 لجدية الحجز حولولى الف جندى فودافون كاش ,"Cairo, Egypt",2022-05-23,21,00:00:00
 لاااااا فودافون اي دانا كنت بشيل ذنوب متتعدش ,"القاهرة, مصر",2022-05-23,18,00:00:00
 طب تمام رناات بقى يا اسطى نبعتلك فودافون كاش ,Cairo-Egypt,2022-05-23,17,00:00:00
 مانى ماشى فعلا اضمن ان صلاح هيجدد كام يوم كان انترفيو فودافون واتسأل مين اكتر حد بتحبه الملعب قال فريمينو رجعنا لفترة انحسار صلاح الموسم ده هنلاقى انها بداية تحول ساديو وينج لمهاجم صريح وده قلل عند صلاح وسائل المساعدة ومفيش كيميا بينهم ,"Cairo, Egypt",2022-05-23,16,00:00:00
 اهلا بيك بنعتذرلك واكيد مش دى التجربة اللى نتمنى تكون قابلتها معانا ممكن التليفون بشريحتين تكون فودافون رقم ممكن نطلب الكود مجانا ونختار تنشيط الشبكه ونجرب الخدمه بعد اعاده تشغيل التليفون ابلاغنا بعد التجربه لمساعدتك ,"Cairo, Egypt",2022-05-23,16,00:00:00
 فروع فودافون كلها ديما زاحمه وديما مليانه ناس ,"Cairo, Egypt",2022-05-23,15,00:00:00
 فودافون احسن بكتير ,"القاهرة, مصر",2022-05-23,15,00:00:00
 لا لا مش كده يا فودافون المال السايب يعلم السرقه ,"Cairo, Egypt",2022-05-23,14,00:00:00
 غلطان يا نجم فودافون افضل بمراحل ,"Giza, Egypt",2022-05-23,14,00:00:00
 بنعتذر ليك جدا اي ازعاج ممكن نكون اتسببنا بيه اكيد مش دي التجربة اللي كنا نتمنى انك تقابلها معانا ممكن توضحلنا تفاصيل الشكوى اكتر حضرتك واللى تم ايه فرع فودافون ,"Cairo, Egypt",2022-05-23,14,00:00:00
 ممكن تحول بالكود تطبيق انا فودافون ,"Cairo, Egypt",2022-05-23,14,00:00:00
 شركة فودافون ,شبرا مصر,2022-05-23,13,00:00:00
 ممكن نتشرف باتصالك خدمة العملاء أي خط فودافون ب قرش للمكالمة كلها اي خط تاني بنفس تعريفة الخط الأرضي لمساعدتك مدار ساعة ممكن توضحلنا استفسارك هنا احنا هنساعدك ,"Cairo, Egypt",2022-05-23,12,00:00:00
 نت ببلاش فودافون صباحالخير الدوريالانجليزي الاهلي ,"القاهرة, مصر",2022-05-23,8,00:00:00
 فودافون العالمية تخطط للقضاء انبعاثات الكربون بحلول ,"Cairo, Egypt",2022-05-23,6,00:00:00
 مشكله فنيه فودافون كاش بتحتاج التواصل لانهم المختصين ,"Cairo, Egypt",2022-05-23,5,00:00:00
 ممكن تتواصل خدمة عملاء فودافون كاش رقمك المكالمة كلها ب قرش ومتاحين مدار ال ساعة ,"Cairo, Egypt",2022-05-23,5,00:00:00
 التطبيق بيعمل الواى فاى خدمه فودافون كاش فقط داخل التطبيق بتحتاج موبايل انترنت ,"Cairo, Egypt",2022-05-23,5,00:00:00
 لقيت معاك هبعتلك رقمي تحول ع فودافون كاش يا صغير ,"Cairo, Egypt",2022-05-22,18,00:00:00
 اهلا بيك ممكن نتشرف باتصالك خدمة الدعم الفني أي خط فودافون ب قرش للمكالمة كلها اي خط تاني بنفس تعريفة الخط الأرضي لمساعدتك مدار ساعة هتقدر تعرف كل التفاصيل ,"Cairo, Egypt",2022-05-22,17,00:00:00
 هاعتذرلك دى جزئية فنية بالتالى هتحتاج التواصل الدعم الفنى علشان يتم المساعده الجزئية الفنية ممكن نتشرف باتصالك خدمة الدعم الفني أي خط فودافون ب قرش للمكالمة كلها اي خط تاني بنفس تعريفة الخط الأرضي لمساعدتك مدار ساعة ,"Cairo, Egypt",2022-05-22,16,00:00:00
 اماكن لازم تحول الفون هتشتغل كويس جدا والاماكن دي غير متوقعة خالص زي وسط البلد وصلاح سالم فودافون عندها كذبة كبيرة اسمها ,"القاهرة, مصر",2022-05-22,15,00:00:00
 بنعتذرلك جدا الشكوى اللي تم وصفها برجاء الدخول اعدادت الموبيل والتأكد بان اسم نقطة الاتصال داخل شبكة التليفون فودافون انترنت وليس فودافون لايف وهنطلب الكود لتنشيط الانترنت ثم اعمل ريستارت للموبايل وجرب الخدمة ,"Cairo, Egypt",2022-05-22,15,00:00:00
 خطك فودافون اعملي الباقة الجديدة ب جنيه دي انغامي بلس ببلاش ,"Cairo, Egypt",2022-05-22,15,00:00:00
 فودافون شكلها عملالك مشاكل ,"القاهرة, مصر",2022-05-22,13,00:00:00
 انا قريتها امسك فودافون ,"القاهرة, مصر",2022-05-22,13,00:00:00
 اهلا بك بنعتذر جدا اي ازعاج حصل اى مشكلة واجهتك بخصوص الرصيد ممكن تراجع استهلاكك الكود ب قروش واول مرات مجانا انت نظام فليكس حسابك برنامج انا فودافون رصيدى ثم تفاصيل الرصيد بلغنا جزئية مش واضحة ,"Cairo, Egypt",2022-05-22,12,00:00:00
 اهلا بيك ممكن الكود البرنامج انا فودافون ,"Cairo, Egypt",2022-05-22,12,00:00:00
 الموبايل بشريحتين ممكن نخلي فودافون رقم لوحدها الخطوات دي نعمل تنشيط الاعدادات اختيار المزيد الشبكات اختيار شبكات الهواتف المحمولة اختيار الشبكة بشكل يدوي اختيار اي شبكة غير فودافون اختيار فودافون نقفل التليفون نجرب وبلغنا بالنتيجة ,"Cairo, Egypt",2022-05-22,9,00:00:00
 اهلا بيك وبنعتذرلك التاخير الرد لكثره الرسائل العملاء ممكن متابعه تفاصيل الرصيد والاستهلاك تطبيق انا فودافون وممكن ارسال رقمك اسمك بالكامل ورقم البطاقة والعنوان وتوقيت الخصم ال ,"Cairo, Egypt",2022-05-22,8,00:00:00
 ممكن الغاء معظم الرسايل فودافون تم التوضيح غير متاح التحكم نوع معين ,"Cairo, Egypt",2022-05-22,7,00:00:00
 خدمة العملاء وظيفة سيئة بتقتل جوانا الشغف والطموح ومفهاش أي تطورزائد ان فودافون مصر بالذات زبالة الزبالة ,"Cairo, Egypt",2022-05-22,7,00:00:00
 فاكرة آخر شهرين ليا فودافون كنت لسبب مش فاكراه ال بتاعي حلو وبيجيلي ميل مدير السايت بتاع مصر وكدزا بس مفيش فلوس زيادة عشان باقي ال الشلاحات ,"Giza, Egypt",2022-05-21,18,00:00:00
 ده خط فودافون أقوي خط دفاع الاهلي تشكيل اسوان ده ولا الاهلي ,"القاهرة, مصر",2022-05-21,18,00:00:00
 ممكن تجربة خطوات تنشيط الشبكة ضبط الشبكة بشكل يدوى اختيار أي شبكة غير فودافون اختيار فودافون بعدين قفل التليفون فتحه تاني وتجربة الخدمة وابلاغنا بالنتيجة لسه نفس المشكلة ممكن ارسال رقمك العنوان بالتفاصيل ,"Cairo, Egypt",2022-05-21,17,00:00:00
 اهلا بحضرتك ممكن توضيح اكتر مشكلة الشبكة بتواجهك كل الأماكن لا مكان محدد امتى والمشكلة رقمك فقط ولا ارقام فودافون نفس المكان ,"Cairo, Egypt",2022-05-21,17,00:00:00
 وبعض الخدمات بيكون ليها فترة مجانية الاشتراك وبعد انتهاء الفترة المجانية بيتم المحاسبة الخدمة فودافون طريقة سداد المبلغ المطلوب لشراء اللعبة اللى تم شراءها لعبها بتكون المحاسبة طريق رصيد الخط الفاتورة خط مفتوح ,"Cairo, Egypt",2022-05-21,15,00:00:00
 مش دى النقطة خالص يا عزيزى انا بأتكلم شخصية بن شرقى مش حابب لاعب زى خط فودافون يلعب الاهلى اشحن الكارت يلعب عارف انك ممكن تقولى كل اللاعبين عايزين حقوقهم معاك بس لما ما تقبضش ما تعلبش دى كلام ,"Cairo, Egypt",2022-05-21,12,00:00:00
 يستخدم اهل خدمة فودافون كاش لإرسال اموال لأحد مستخدمي الخدمة محليا والذي يحولها بدوره بيتكوين ثم ينقلها شخص آخر يعمل روسيا ليقوم اخير بتسييل العملة المشفرة روبل ويسلم المبلغ للطلاب انتشار اللجوء للتحويل عبر ,"Cairo, Egypt",2022-05-21,10,00:00:00
 فودافون مصر تسجل مليار جنيه إيرادات ,"Cairo, Egypt",2022-05-21,2,00:00:00
 هي فروع فودافون بتقفل ولا ,"Cairo, Egypt",2022-05-20,21,00:00:00
 تشرفينا اى وقت يشرفنا انضمامك لينا مره تانيه ممكن التحويل مجانا بنفس الرقم زياره اقرب فرع فودافون ويجب مرور شهور تشغيل الخط الشركة الاخرى استلام شريحة جديدة ڤودافون وبيتم التحويل يوم عمل معلومات اكتر اللينك ده ,"Cairo, Egypt",2022-05-20,13,00:00:00
 مشكلة الشبكة مش بتكون كل مكان المشكلة خطك كل مكان ممكن تجرب شريحتك تليفون تانى لسة المشكلة موجودة بتحتاج تستبدل الشريحة اقرب فرع فروع فودافون ,"Cairo, Egypt",2022-05-20,13,00:00:00
 بنعتذرلك جدا طبعا ممكن توضيح اكتر مشكلة الشبكة بتواجهك كل الأماكن لا مكان محدد امتى والمشكلة رقمك فقط ولا ارقام فودافون نفس المكان ,"Cairo, Egypt",2022-05-20,13,00:00:00
 الشباب كانت بتفكر ترجع فودافون ,"Cairo, Egypt",2022-05-20,12,00:00:00
 هو باقة شهريا وكمان محفظة فودافون كاش ,"القاهرة, مصر",2022-05-20,12,00:00:00
 ايوه هو فاضي ب بس مبيرضاش يبيع كده عشان بيبقي مطلوب تارجت معينلازم عشان انا اشتريت فودافون لوالدتي باقة فيليكس وده مثال للي بيحصل ,"القاهرة, مصر",2022-05-20,12,00:00:00
 للاسف تلك الشركات يجب أن تحاسب تدني مستوي الخدمات اسلوب تعاملهم العملاء واخص فودافون التي تحولت قطاع عام سيء ,"Cairo, Egypt",2022-05-20,11,00:00:00
 كود شحن الرصيد محفظة فودافون جمعةمباركة ,"القاهرة, مصر",2022-05-20,9,00:00:00
 هو ايه فودافون مالها انهارده ,Kairo,2022-05-20,1,00:00:00
 زي البنت بتاعة اعلان كتر الحماس الفرحة دخلت دخله الجدع اتخض ,"Cairo, Egypt",2022-05-26,20,00:00:00
 دلوقتي كارت وشحن الهوا فكة جنية متاح بمنافذ بجميع أنحاء الجمهورية يرجي تحديث قائمة الخدمات بيياسرع بييأقرب بييديمامعاك رمضانكريم معبعضأقوي ,"Cairo, Egypt",2022-05-26,13,00:00:00
 اهلا بيك ممكن المتابعه الدعم الفنى أونلاين مباشرة اللينك ده حد متخصص هيرد ويساعدك ,"Cairo, Egypt",2022-05-25,19,00:00:00
 تفاصيل الباقات هنا ممكن تشتريه كمان ممكن التقسيط اونلاين هنا هيوصلك لحد البيت ,"Cairo, Egypt",2022-05-25,8,00:00:00
 للمساعدة يرجى التواصل الشات موقعنا اختيار خدمة حد متخصص خدمة عملاء هيتم مساعدتك أونلاين اللينك ده ,"Cairo, Egypt",2022-05-24,20,00:00:00
 نظام ريد الدقيقة لكل الشبكات بدقيقة حابب تعرف معلومات أكثر أنظمة ادخل اللينك ده ,"Cairo, Egypt",2022-05-24,0,00:00:00
 ممكن نشغل الخدمه بشكل يومي بشكل شهري ممكن نلغيها الخدمة الصوتية للمزيد زور ,"Cairo, Egypt",2022-05-23,22,00:00:00
 ممكن المتابعه الدعم الفنى أونلاين مباشرة اللينك ده حد متخصص هيرد ويساعدك ,"Cairo, Egypt",2022-05-22,16,00:00:00
 ممكن نعرف اكتر أسعار التجوال للمكالمات باقات الانترنت اختيار الشبكه المفضله حسب البلد المتواجد ,"Cairo, Egypt",2022-05-22,12,00:00:00
 بنفكرك حوافز عالطاير هتنزلك رصيد الماكينة يوم الاتنين كل أسبوع يرجي تحديث قائمة الخدمات بيياسرع بييأقرب بييديمامعاك ,"Cairo, Egypt",2022-05-22,7,00:00:00
 ممكن نعرف اقرب فرع الكود موبايلك اللينك فرت البيانات دي بيانات ممكن تسجل الرقم باسمك وتستبدل شريحة الرقم ,"Cairo, Egypt",2022-05-22,6,00:00:00
 الخصم تم نتيجة ان تم فتح بيانات الهاتف واستخدام الانترنت اثناء التجوال بيكون مكلف جدا وممكن تعرف تفاصيل اسعار التجوال بعد اختيار الدوله والشبكه هنا ,"Cairo, Egypt",2022-05-20,23,00:00:00
 بنعتذرلك التاخير الرد لكثره الرسائل العملاء بخصوص الانترنت المنزلى ممكن المتابعه الدعم الفنى أونلاين مباشرة اللينك ده حد متخصص هيرد ويساعدك بخصوص الداتا ممكن نتاكد تنشيط الموبيل انترنت ,"Cairo, Egypt",2022-05-20,9,00:00:00
 شركة وي أسوأ شركة التاريخ بجد ,Cairo,2022-05-27,11,00:00:00
 شحنت متكلمتش مكالمة باطلب بيقول لقد نفد رصيدكم أنا دخلت اسبيس بالموبايل عشان الواي فاي عطلان لأن شركة وي بتذلني كل شوية تعطل النت الأرضي فيعطل النت ,Cairo,2022-05-27,9,00:00:00
 أمير مرتضى هناك تعارض وضع أحمد دياب كرئيس رابطة الأندية ورئيس شركة الكرة نادي فيوتشر وليس الطبيعي أن يكون هناك رابطة تمثل الأندية مسؤول ينافس الأندية اللاعبين دوريويالمصري ,"Cairo, Egypt",2022-05-25,22,00:00:00
 هيا وي شركة نجسة بت وسخة بس معرفش اورنج ,"Cairo, Egypt",2022-05-23,19,00:00:00
 عودهبغلفالعزلتويتر يا مرحبا ترحيبة تجلي الضيق معطرة بالمسك وسط باقة باقة خزامى ورود الزماليق الشهد المصفى ذواقة عودهبغلفالعزلتويتر ,"القاهرة, مصر",2022-05-28,13,00:00:00
 اهلا بيك رسوم فتح باقة خطك مفيش باقة نت فليكسات بتستخدم النت الرصيد فاول استهلاك بيحصل لما تفتح بيانات الهاتف اسمه رسوم فتح باقة ده مش اشتراك لازم نكون فتحنا بيانات الهاتف مفعلين خاصية ال عشان يحصل استهلاك ,"Cairo, Egypt",2022-05-28,13,00:00:00
 انهارده تجديد باقة الاحتواء ,"القاهرة, مصر",2022-05-28,12,00:00:00
 انا اشتركت باقة سوبر ميجا ومش شغالة ,"Cairo, Egypt",2022-05-28,11,00:00:00
 عندي احساس كده انه رجوعة بفاتورة لازم تتسدد الراجل قبل مايرجع عمل البحر طحينة وقلك اجدد اللاعيبة بعدرجوعى بساعة وبعدين دخل باقة اللجان والغرمات والعقوبات الاوامر صدرت بالتصالح الهارب شكله كده هيركب الموجه التالته ويقلك الفتنه والتعصب وانه زي امير واحمد غلط واتأسف ,"القاهرة, مصر",2022-05-28,8,00:00:00
 اعمل باقه كبيره اجيب كل يوم كارت ب ج ,"Cairo, Egypt",2022-05-28,7,00:00:00
 مش متضرر الموضوع ده قد باقة النت ,"Giza, Egypt",2022-05-28,3,00:00:00
 عميلنا العزيز تم استهلاك باقة راضي الكل حساب نفسك انت الان باقة يزعل يتفلق ,cairo,2022-05-28,1,00:00:00
 ساعة ما الواحد جاب تليفون تاتش عمل باقة نت مفتكرش ان انا استفد السوشيال ميديا بأي حاجةلحد ما ظهرت قناة بلال فضل اليوتيوب انا مش بخرج حاجة كدة منتهى العظمة اللامنتهيه ,"Cairo, Egypt",2022-05-27,22,00:00:00
 لا قالوا لضاضا شيلنا السحر يا ضاضا جايبلنك خرفان للتحكيم علشان نكسبك الماتش ضاضا وافق يلعب لما اطمن ان باقة الاحتواء روح البروتوكول هتكسبه الماتش ,"Cairo, Egypt",2022-05-27,21,00:00:00
 لفتة طيبة دوقة ساسكس تضع باقة ورود نصب تذكارى لضحايا هجوم مدرسة تكساس ,"Cairo, Egypt",2022-05-27,14,00:00:00
 الفن طاقة مش باقة منصه تليفزيونيه ,"Cairo, Egypt",2022-05-27,14,00:00:00
 دخلت سبيس لقيتهم بيتكلمو المكرونه هيا باقه حرام اصلا شكلها ,"El Maadi,Cairo,Egypt",2022-05-27,0,00:00:00
 ممكن تدفع كافيه جنيه ساعه وانت عاطل وتتريق شغلانه ب جنيه ممكن تدفع جنيه باقة نت وتليفون وتتريق فاتورة الأراضى ممكن تدفع تاكسى واوبر جنيه مشوار وتذكرة المترو ماتزدش جنيه علشان نقلل خسائر مليارات مصر بس اللى تلاقى البعض يقولكيتبع ,"القاهرة, مصر",2022-05-26,22,00:00:00
 يعني هتسمخ ا للطلاب بدخول الموبايل ويشحن باقه نت حسابه عشان يمتحن دا رد مسئول فعلا دا المفروض يتحاسب كلامه دا والله ,Cairo,2022-05-26,20,00:00:00
 الراجل تعبان ومسافر وهو مش قادر يقف رجله ودول كل ال الاداره مقصره الاداره مش بتفهم الاداره كانت المفروض تعمل وتعمل يا اخي يلعن ابو باقة النت ال خليتك تقول رايك كده ومتخلهوش نفسك وربنا يشفيك يا بيبو ,Cairo. Egypt,2022-05-26,19,00:00:00
 حد عنده حبوبة ياخد يكلمها الخمس ايام الباقيين ف الباقة بعدين لما انا معنديش حد اكلمه الباقة اصلا ناقصة عشان بفتح نت بكنسل اتصل حد اتصل عليا رقم غريب الباقي محوله للضن فليكسات عامل باقة ليييييييييه ,Helwan,2022-05-26,17,00:00:00
 انا بدفع باقة النت فلوسي عشان اقول رأي اللي انا مقتنع بي اكونتي الشخصي مش عشان رأيي يعجب حضرتك ,"القاهرة, مصر",2022-05-26,15,00:00:00
 يابنتي انا اخر مره شحنت باقة شهر تقريبا ,"Cairo, Egypt",2022-05-26,14,00:00:00
 وخدت كارت وأنا باقة ,"القاهرة, مصر",2022-05-26,13,00:00:00
 لتكن أخلاقنا باقة زهور الحياة الجميلة نهديها لمن حولنا وليكن عطرها الطيبة ولونها نقاء قلوبنا ورحيقها الابتسامة ,"القاهرة, مصر",2022-05-26,9,00:00:00
 نعم كلمات توزن بميزان الجواهر فتوضح قيمة الإنسان الباطن والظواهر فكم كلمة قد ترفع الإنسان عنان السماء إن إحسنناها وأحسننا القائها وكم كلمة أحبطت تلقاها وقضت فلنجعل كلماتك باقة زهور ولا نجعل بعض الكلمات تذهب أهلها إغلاق العيون النور وتجعله مقبور ,"القاهرة, مصر",2022-05-26,7,00:00:00
 اعملي باقة جديدة ب جنيه شهريا اشتري موبايل جديد هتلاقي تويتر النت فريرة ,"Cairo, Egypt",2022-05-25,17,00:00:00
 اليوم التالي عاد ليجد زوجته تقف عند باب المنزل يدها باقة ورد وهي تستقبله بالدموع شدة الفرح لقد كانت مفاجئة عظيمة بالنسبة خاصة أنها اكتشفت ذلك المديح الملأ واخذت جائزه احسن رد زوج يقول الزوج كان لدي أكثر عشرة أخطاء تقع زوجتي ,"القاهرة, مصر ",2022-05-25,16,00:00:00
 محتاجة أجدد باقة الانترنت قبل معادها ومش عارفة أعمل دة الموبايل ممكن مساعدة ,Cairo,2022-05-25,12,00:00:00
 وبنخلص باقة النت ,cairo \ egypt,2022-05-25,12,00:00:00
 ممكن توضحلنا حضرتك باقة ايه ,"Cairo, Egypt",2022-05-25,11,00:00:00
 غيرك يجي ويروح ما رف موق عيني لغيرك تناظر حماقه ما نيب ألوح هوى كل غرنوق يكفي البستان فالورد باقه ,Cairo .Egypt,2022-05-25,8,00:00:00
 عرض التحويل الحالى بيكون باقة ال ج بس تقدر بعد مرور اول شهور بعد انتهاء العرض تكبر الباقة ,"Cairo, Egypt",2022-05-25,5,00:00:00
 اهلا بيك عرض التحويل بيكون باقة فليكس ج بتاخد ضعف الباقة شهور ,"Cairo, Egypt",2022-05-25,5,00:00:00
 احلى باقة ورد لاحلى أصدقاء صباحكم كجمال الورود ,"القاهرة, مصر",2022-05-25,4,00:00:00
 انا اشتركت ف باقه بالغلط وانا مش معايا رصيد ف هيخصمو تمنها اول لما اشحن ف اتصلت بيهم قولتلهم الغوها ف حولولي تمنها ولغوها ومش عايزين يخصمو الرصيد اللي بعتوه صرفته هيتحسب مديونيه عليا ,helwan,2022-05-25,0,00:00:00
 سمحت اللي عامل باقة تظبيط نوم كويسة يا ريت يبعتهالي ,"Cairo, Egypt",2022-05-24,21,00:00:00
 ايوا انا اللي بخلص باقه الراوتر مالك مستغرب ليه ,"Cairo, Egypt",2022-05-24,21,00:00:00
 بيسحب كهربا ويستهلك باقة الست ,"Cairo, Egypt",2022-05-24,21,00:00:00
 أحضر باقة مليئة بالزهور وخاتما الفضة وقلبك ,"القاهرة, مصر",2022-05-24,21,00:00:00
 ايها الرائع أنت انشوده تغنت فتوقفت بين سطورك وشربت إحدى ينابيعك العذبه فياليتك تتقبل باقة ورود تلثم احساس ذوقك ودمت بسعادة يارب ,"القاهرة, مصر",2022-05-24,19,00:00:00
 ما أنا حاضطر اغير الباقه يامصعبوده حايكلفني كتيرلاني انا مش باقه التطبيل ,"Cairo, Egypt",2022-05-24,17,00:00:00
 هي فلوس باقه حرام ,"القاهرة, مصر",2022-05-24,17,00:00:00
 وردة واحدة لإنسان قيد الحيـاه آفضل باقة ورد قبره ,"القاهرة, مصر ",2022-05-24,15,00:00:00
 لا مش هيتم الترحيل لان شروط الترحيل ان الباقه تتجدد ميعادها يوم وان التجديد يكون لنفس الباقه باقه اعلي ,"Cairo, Egypt",2022-05-24,15,00:00:00
 مرتضي حبيبتي غير باقه عباس وقال هاني زاده عامل سحر شبراخيت ,"Cairo, Egypt",2022-05-24,11,00:00:00
 سؤال ياكايروهو ممدوح عباس برضه هو اللي بيقول لمرتضي يطلع يقول التخاريف بتاعته هو عباس اللي قال لمرتضي يقول اللعيبه ماشيه معولهم فيديوهات معايا هو عباس اللي قاله يقول معمول عمل وسحر وان الاستاد واسع اللعيبه وبعدين ملحوظه مرتضي دلوقت باقه هاني زاده ,"Cairo, Egypt",2022-05-24,11,00:00:00
 وردة واحدة لإنسان قيد الحياة أفضل باقة ورد قبره ,"Giza, Egypt",2022-05-24,11,00:00:00
 احنا معاك طول السنة ودايما جديد باقة جديدة أقوى المسلسلات العالمية هاتكون انتظارك بداية يوم وكمان جزء جديد وأحداث مفاجئة مسلسلكم المفضل فقط وحصريا مشبسعربي ,"Cairo, Egypt",2022-05-24,9,00:00:00
 ضربتين جزاء ضربة واحدة بالقدم والثانية بالكوع بس للاسف باقة ضربات الجزاء خلصت نادي اسوان وتم التحويل اتوماتيكيا باقة احتويني شكرا ,"Cairo, Egypt",2022-05-23,21,00:00:00
 حازم خلص باقة اللعب هيغيبله ماتش ,"Heliopolis,Cairo,Egypt",2022-05-23,20,00:00:00
 لا دلوقتي باقة أخطاء التحكيم جزاء كرة القدم ولاد المدلسه ,"القاهرة, مصر",2022-05-23,20,00:00:00
 يارب مرات محمود علاء باقه النت بتاعتها تخلص النهارده انا مش حمل استوريهاتها عالأنستجرام ,"Cairo, Egypt",2022-05-23,19,00:00:00
 حاضر عيونى المهم ظبطى نفسك الاثنين اللى جاى لازم تعملى باقه انزلى اتفرجى كافيه ,"Cairo, Egypt",2022-05-23,19,00:00:00
 باقة الاحتواء شغالة كاس مصر عشان ثنائية الموسم اللي فات التحكيمية تكمل ,"Cairo, Egypt",2022-05-23,19,00:00:00
 الفيديو ده باتكلم تفاصيل باقة الأعمال جوجل وورك سبيس وإزاي تحصل مجانا عضوية الرواد جوجل وورك سبيس رابط الف تسويقإلكتروني تسويقرقمي تسويقمنتجات مشاريع تجارةإلكترونية روادالأعمال ,"Cairo, Egypt",2022-05-23,16,00:00:00
 تغيير البيانات الفرع يكون متواجد حاجات الاقل الشريحه الحالية اخر عملية شحن تمت الخط خطة الاسعار الحالية باقة الانترنت الحالية خطة اسعار خدمة الانترنت المنزلي الرقم الارضي أخر عمليات شحن تمت الخط الارقام تم الشحن تاريخ تفعيل الخط ,"Cairo, Egypt",2022-05-23,11,00:00:00
 أود أن يمنحني الحظ باقة الفرص أن أكون قريب أن أجلس أمامك كان مزاجك ساكتا وأن أحظى معك بلحظات عادية جدا كأن أرى يدك وهي تقلب السكر داخل كوبا الشاي ,"القاهرة, مصر",2022-05-22,19,00:00:00
 اهلا بيك الواضح الرسائل ان الشحن تم خصمه تسديد باقه النوته ,"Cairo, Egypt",2022-05-22,19,00:00:00
 باقة النت بتاعة البيت خلصت بدري المعتاد وباقة موبايلي خلصت برضة بدري ماشي اتفهمها وبالصدفة سبحان الله باقة خط الشغل خلصت بدري شهر صارحني بجد انت ايههههه ,"Cairo, Egypt",2022-05-22,19,00:00:00
 يا تري الاسماعيلي ولا البنك الاهلي اللي مشترك باقة روووح البروووتوووكول ,"Cairo, Egypt",2022-05-22,13,00:00:00
 تتحدث كيف جاءت وأحزانها الملكية ترفع أعناقها الخضر تتمني العمر وهي تجود بأنفاسها الآخره كل باقه بين إغماءة وإفاقه تتنفس بالكاد ثانية ثانيه صدرها حملت راضيه اسم قاتلها بطاقه ,"Cairo, Egypt",2022-05-22,10,00:00:00
 باقه اروع البدل ,"Giza,Egypt ",2022-05-22,7,00:00:00
 باقة الانترنت الحالية الخط ان وجدت خطة اسعار خدمة الانترنت المنزلي الرقم الارضي ان وجدت أخر عمليات شحن تمت الخط الارقام تم الشحن فوري مصاري أمان تاريخ تفعيل الخط ,"Cairo, Egypt",2022-05-22,6,00:00:00
 عزيزى البيب بيب انت الآن باقة الأخطاء التحكيمية جزء متعة كرة القدم وانا مالى الحكم هو اللى غلط بطولاتالاهلىحرام الأهليانبي تسللواضحيادوريالفضايح ,cairo,2022-05-22,4,00:00:00
 احلي باقه فل جاتلي فتره مين احلي اميره الدنيا كلها ,"القاهرة, مصر",2022-05-22,1,00:00:00
 يابني انا كنت محضرلك باقة احزان عمرو دياب انت رايح فين ,"Cairo, Egypt",2022-05-21,23,00:00:00
 انت الان باقة ممثل مصر نهائى قارى ,"القاهرة, مصر",2022-05-21,21,00:00:00
 احجزيلي باقه معاكي علشان الموس خلص الباقه الماتش إللي فات ,"القاهرة, مصر",2022-05-21,11,00:00:00
 انا كنت مشترك نظام فاتوره وحبيت ألغى نظام الفاتورة فجأه بقدره قادر الاقي باقه النت طارة الفاتورة انها لسه جيجا قدمت شكوى بيقولوا اترفضت وعلشان ايه مش عارف ,cairo,2022-05-21,11,00:00:00
 باقه فليكس عندك شغاله بعرض فليكسات زياده فليكسات الباقه الاساسيه فاولويه الخصم بتكون فليكسات العرض سواء الاستخدام كان مكالمات انترنت بعد انتهاء فليكسات العرض خصم الانترنت هيتم باقه الموبايل انترنت بشكل طبيعى لسه مشكله بتواجهك برجاء توضيحها ,"Cairo, Egypt",2022-05-21,10,00:00:00
 معاكم عفاريتهم موجودين موسيماني بيعمل حسابهم جدد باقة شبراخيت ,القاهرة,2022-05-21,9,00:00:00
 انا عايز اتخيل دوافعه انه يشغل سكس فالمكروباص هل هو فقير مثلا ومعندوش باقة فبيشغل السكس ال بتاع ميكروباص الطوابق فيصل ,القاهرة,2022-05-21,9,00:00:00
 احنا بنجدد باقه النت بي العفيه ,"القاهرة, مصر",2022-05-21,6,00:00:00
 دى مش باقة يافندم خالص دى التعريفه الطبيعيه غير باقات ,"Cairo, Egypt",2022-05-20,23,00:00:00
 شهر اللي فات قبل ما اسلم بشهرين قولت لأبويا عايز اجيب موبايل دلواقتي علشان هيغلى والاسعار هتولع قالي لما تغلى نبقى نجيبه عادي وده اللي حصل فعلا دفعت حوالي زياده الايام دي بقولو عايزين نعلي حجم باقة النت بدل ما بندفع مرتين الشهر قال لا انت اللي بيمشي وراك مبيكسبش ,"Cairo, Egypt",2022-05-20,23,00:00:00
 يعنى تكفينا مصاريف بيت شهور مالها باقة جنيه ونتفرج إحنا وفى البيت كنبة الانتريه ومعانا اكل وشرب وتسالى وبإذن الله وتوفيقه نقوم نتنطط ونظأطط بالكأس يارب فرحنا وسط هذه الحرب ,حلوان,2022-05-20,19,00:00:00
 أجمل باقة لاعز الناس ,"القاهرة, مصر",2022-05-20,16,00:00:00
 انت فاتح باقه بقي ,"القاهرة, مصر",2022-05-20,16,00:00:00
 اشحن باقة زيادة معلش بعد كده ,"القاهرة, مصر",2022-05-20,15,00:00:00
 مش هيقولك هات كعب عمل طيب اصل المشوار ده محتاجله باقة شهور ولا حاجه ,"cairo, egypt",2022-05-20,13,00:00:00
 شكرا لحسن استماعكم كسم اللي يعترض كلامي اللي انا كاتبه صفحتي الشخصية تليفوني الشخصي اللي انا جايبه بفلوسي بشحنه بكارت الكهربا اللي بدفعه بفلوسي شغلي الخاص باقة النت اللي بدفعها بفلوسي برضو دمتم حفظ الله رعايته ,cairo,2022-05-20,12,00:00:00
 باقة نت ومكالمات ,"القاهرة, مصر",2022-05-20,12,00:00:00
 اه صح والدتي كان معاها خط سنين بس اخويا اللي كان شاريه باسمه اضطريت اخدها واشتري خط ليها جديد عشان اسجل للبطاقة وطبعا كان لازم اخدها معايا عشان مقدرش اشتري خط باسمها الا وجودها والخط كان جنيه واضطريت اشتريه جنيه عشان بيحملني باقة جنيه غصبا ,"القاهرة, مصر",2022-05-20,12,00:00:00
 عارفه ليه ع الناس بقت فاضيه ايه واحد باقه نط يتفلونس عليناا ويعمل نفسه انه واو انا بتابع ناس محتواها زي السكر بس الاغلبه غطت ع الناس الغاليه دي بمواصيع تافهه وهه وضحك ,"Cairo, Egypt",2022-05-20,9,00:00:00
 ده مش خاصه بينا ده خاصه بالهاتف نفسه ممكن تعملي جوجل لمعرفة الخطوات لهاتفك الخصم بيكون بناءا استهلاك الانترنت بالفعل عايزه تلغي الانترنت عموما الشريحه اطلبي ,"Cairo, Egypt",2022-05-28,13,00:00:00
 هي الشريحة كانت رجله مضايقاه شالها فاتمنى يعني ,"Cairo, Egypt",2022-05-27,22,00:00:00
 المشكلة ان غالبا ده الوسيلة المقبولة اجتماعيا الشريحة الاكبر الناس ده اكيد سبب حالات طلاق كتير ناس بتتجوز شخص ماتعرفش غير المعلومات اللى الفيش بتاعه ,"Cairo, Egypt",2022-05-25,23,00:00:00
 جه يجرب الشريحة ع القرد طلع بجدري ,"Cairo, Egypt",2022-05-24,16,00:00:00
 انتي عارفه بجد انا اغلبيه الوقت سواء الشغل أي مكان بحب اكون لوحدي قليل جدا جدا جدا جدا جدا اتكلم حد بجد ياعشق لأني مش قادر اتأقلم ناس طبعا ناس متلنا عقولهم متلنا الشريحه الكبيره اللي باقول دوول ممنوع التقرب لأنهم وباء فعلا ,"القاهرة, مصر",2022-05-23,11,00:00:00
 الشريحه اللى معاك ولا وممكن ارسال الرقم وبيانات مالك الخط ال الاسم بالكامل رقم البطاقه العنوان عشان نقدر نساعدك بشكل افضل ,"Cairo, Egypt",2022-05-22,9,00:00:00
 ممكن تغيير بيانات الخط اقرب فرع يكون متواجد حاجات الاقل الشريحه الحالية اللي حضرتك اخر عملية شحن تمت الخط قيمتها خطة الاسعار الحالية ,"Cairo, Egypt",2022-05-22,6,00:00:00
 السلام ورحمة الله وبركاته انا سافرت مصر وشريحتي ضاعت وتوكلنا عندي أغلق ومحتاج افتحه ولاكن بسبب عدم وجود الشريحه فرمز التحقق غير متوفر معي هل يوجد طريقه لفتح توكلنا ,"Cairo, Egypt",2022-05-21,14,00:00:00
 الشريحه متوقفه واريد تفعيلها مصالحنا متعطله ولا يوجد خدمه الخدمه سيئه جدا الرجاء سرعه الرد ,"Cairo, Egypt",2022-05-21,10,00:00:00
 عندك خاصية بالجوال حقك القائمة البيضاء فعلها مايقبل اتصال ومايحكي معك سوى الاسم المسجل الشريحة فقط ,"القاهرة, مصر",2022-05-21,1,00:00:00
 اتم الاستعداد لادارة الدوله لما رجال داخل مؤسسات الدوله الان المؤسسه العسكريه ويملك المال والرجال وحب الشريحه العريضه الشعب المصرى وهذا ما سيحدث الايام القادمه ملحوظه سنحاسب السيسى يوما ما سيتم محاسبته ساعدوا السيسى خيانة الوطن وكل السبل لذلك متاحه ,"القاهرة, مصر",2022-05-20,11,00:00:00
